case	open	inspect	program_errors	program_warnings	save_as	target_persisted	result	input_sha256	resaved_file	resaved_sha256
noop	PASS	PASS	0	0	PASS	PASS	PASS	535b5f46766b78d3051550466d436911252e4ced40645f0b948ae25efe064f18	resaved/R00.XGWX	07d379b1206da8b97375c75b2da17c0768a47c04348637fef3c3d86a46db84cf
filter	PASS	PASS	0	0	PASS	PASS	PASS	475e3381f4545a5208b9d219d197119f30a785e427ce41108327aa3592fb1639	resaved/R01.XGWX	f0a7b0e0b98ff69a7f188fdea10a59b5d706fa7b46646c314940fe162fb492d2
module-comment	PASS	PASS	0	0	PASS	PASS	PASS	92eb469eb250fc106939de2b55170866057bdb39c8dd4ee5a2540bc8e21874a9	resaved/R02.XGWX	5080bf5baea99d8a2fe023fd337b67adab1971a555beb36aaffc9741eb115d7b
module-replace	PASS	PASS	0	0	PASS	PASS	PASS	60f868324fc2d7bde1541196bbc2f430d84422e7873a5efdc03d6228ac0340a4	resaved/R03.XGWX	87ed239731f09000aad2696019c3c5d392196c8a9ec0e6dd6176dbe894041aff
module-delete	PASS	PASS	0	0	PASS	PASS	PASS	38d719ba34c269ee559eca6d5312c6394c0f66be9229d651ffa95be91f61a23e	resaved/R04.XGWX	2707c78dbfd66cc0a10b98e4a689d3be97bc1d03df59fa102842ceb3643662de
module-insert	PASS	PASS	0	0	PASS	PASS	PASS	94bbbca2b28cbc095bc4c105491700d64ed0ff9e84149de16b5ec31b9653cbac	resaved/R05.XGWX	6112fe8c31a7de3fabadd9a6d9840873dcb6ebd18c398f4c9800d120d711f771
network-replace	PASS	PASS	0	0	PASS	PASS	PASS	5470f62a9e51c9773f8b92da1d60019bcaaa50fbc9912fda331cc27282789f8f	resaved/R06.XGWX	17a30eddf1cab524751113fa4e23a82055cc657e3f7e3b1b88e65ea57507415e
network-name	PASS	FAIL	0	0	PASS	FAIL	FAIL	470688ef51eee747a0d88dd886e0e8aef36efd651d8d2653d9c6a35b9cb28658	resaved/R07.XGWX	c4e1ea34bb1b265e3faa77a8d3c487180ead8653e0f27a80985638e70e5f910b
network-alias	PASS	PASS	0	0	PASS	PASS	PASS	ad178e153dd19080f7b74edd1002cc353808f8025572bffcf6bea4fe99231fc4	resaved/R08.XGWX	55c917d1604b009ba860121c52d4e90429352a19984cbc63c7a927c389f6451f
cpu-same-family	PASS	PASS	0	0	PASS	PASS	PASS	df78fb347f25df27bad9948da994e76d4a61999ee300b0f37d55c24d578ad872	resaved/R09.XGWX	d93dccda86a56926fa0cfb85f96672fd3829b334100796145febcd06570c2c51
cpu-cross-family	PASS	PASS	5	0	PASS	PASS	FAIL	3d7368c072df037c8a14ae0eb615005bd788cd8df75ca770c3a44299c71cee78	resaved/R10.XGWX	136f3f88ff9d8fe02c9ad0c8f6e87cb3d2bceb9c7b28491b97250a52a0ba521b
program-name	PASS	PASS	0	0	PASS	PASS	PASS	86281e5c22ebd17c2d62b93ab67e73e2409ff37e052a6aae637b7b17da399cd3	resaved/R11.XGWX	e96823d9a9d69226ef88bd5a7f1658988948066cd3d8bc7436c7d46c6ec64b38
ladder-operand	PASS	PASS	0	0	PASS	PASS	PASS	4609cefda64a0ce794cdeb4a5fb2fc721de6ff39ae18f90c77caa8ab9c6ed9ca	resaved/R12.XGWX	500d4acb9c38b739ebb2d347cded7bf890ff3a25178a843551ac313bb4661100
variable-name	PASS	PASS	0	0	PASS	PASS	PASS	8df7d52f386cdb76c651501c0afdfae6cdd58aec6c63efa78460b002525aaa80	resaved/R13.XGWX	6c30171f975b7f8d2232bdadb6f3245b5f0b74a407bc36168b06cd496b37eb74
